{
	"tempHash": "00D4CB4858E849BE",
	"tbluHash": "003C5911B9591221",
	"patch": [
		{
			"SubEntityOperation": [
				"fc8562c9fc526041",
				{
					"SetPropertyValue": {
						"property_name": "m_mTransform",
						"value": {
							"rotation": { "x": -0.0, "y": 0.0, "z": -92.25465436253114 },
							"position": { "x": -2.839, "y": 0.6080890893936157, "z": 2.6700429916381836 },
							"scale": { "x": 0.9999996644319857, "y": 0.9999996644319857, "z": 1.0 }
						}
					}
				}
			]
		}
	],
	"patchVersion": 6
}
