{
	"tempHash": "003BC52EC2CF29DD",
	"tbluHash": "00519CA1F4FCA88C",
	"patch": [
		{
			"SubEntityOperation": [
				"3132dbb98f4f03c6",
				{
					"SetPropertyValue": {
						"property_name": "m_mTransform",
						"value": {
							"rotation": {
								"x": 19.01829317323286,
								"y": 89.60697951681614,
								"z": 156.88543471548496
							},
							"position": {
								"x": 0.07622899860143661,
								"y": 0.01790999960899353,
								"z": -0.00015799999528098851
							}
						}
					}
				}
			]
		}
	],
	"patchVersion": 6
}
