{
	"tempHash": "0045B2B108EF8376",
	"tbluHash": "00E25D72B8F53D92",
	"patch": [
		{
			"SubEntityOperation": [
				"af47bf801465f0a3",
				{
					"SetPropertyValue": {
						"property_name": "m_mTransform",
						"value": {
							"rotation": {
								"x": 19.01829317323286,
								"y": 89.60697951681522,
								"z": 156.88543471548496
							},
							"position": {
								"x": 0.07622899860143661,
								"y": 0.01850999960899353,
								"z": -0.00015799999528098851
							}
						}
					}
				}
			]
		}
	],
	"patchVersion": 6
}
