{
	"tempHash": "00F0E1E8A33A2324",
	"tbluHash": "007929797645F740",
	"patch": [
		{
			"SubEntityOperation": [
				"3888f3554b689bfd",
				{
					"SetPropertyValue": {
						"property_name": "m_mTransform",
						"value": {
							"rotation": { "x": -138.86556144532958, "y": 89.37482092130735, "z": -0.4999495735774192 },
							"position": {
								"x": 0.09900099784135818,
								"y": 0.010242000222206116,
								"z": -0.00023499999952036887
							},
							"scale": { "x": 0.9999988189941682, "y": 1.0000006906587404, "z": 1.0000005205307732 }
						}
					}
				}
			]
		}
	],
	"patchVersion": 6
}
